week,Gold,Brent Oil,Natural Gas
2020-01-01,68.2699966430664,1571.800048828125,2.1619999408721924
2020-01-08,64.48999786376953,1542.4000244140625,2.187000036239624
2020-01-15,64.58999633789062,1556.4000244140625,1.8949999809265137
2020-01-22,59.5099983215332,1569.199951171875,1.934000015258789
2020-01-29,53.959999084472656,1550.4000244140625,1.871999979019165
2020-02-05,54.0099983215332,1565.5999755859375,1.7879999876022339
2020-02-12,57.75,1600.0,1.9809999465942383
2020-02-19,54.95000076293945,1646.9000244140625,1.847000002861023
2020-02-26,51.86000061035156,1642.0999755859375,1.7999999523162842
2020-03-04,37.220001220703125,1659.0999755859375,1.9359999895095825
2020-03-11,28.729999542236328,1524.9000244140625,1.7289999723434448
2020-03-18,27.149999618530273,1660.199951171875,1.652999997138977
2020-03-25,22.739999771118164,1583.4000244140625,1.6399999856948853
2020-04-01,31.8700008392334,1664.800048828125,1.8519999980926514
2020-04-08,29.600000381469727,1756.699951171875,1.649999976158142
2020-04-15,19.329999923706055,1678.199951171875,1.8209999799728394
2020-04-22,20.459999084472656,1710.5,1.7940000295639038
2020-04-29,30.969999313354492,1704.4000244140625,2.134000062942505
2020-05-06,29.979999542236328,1704.4000244140625,1.7200000286102295
2020-05-13,34.650001525878906,1744.199951171875,1.8300000429153442
2020-05-20,36.16999816894531,1704.800048828125,1.7929999828338623
2020-05-27,39.56999969482422,1725.199951171875,1.7769999504089355
2020-06-03,41.18000030517578,1714.699951171875,1.7669999599456787
2020-06-10,40.959999084472656,1729.5999755859375,1.6139999628067017
2020-06-17,42.630001068115234,1772.0999755859375,1.6369999647140503
2020-06-24,41.150001525878906,1793.0,1.7510000467300415
2020-07-01,43.08000183105469,1804.199951171875,1.8760000467300415
2020-07-08,42.900001525878906,1810.5999755859375,1.746000051498413
2020-07-15,44.31999969482422,1842.4000244140625,1.6749999523162842
2020-07-22,43.220001220703125,1944.699951171875,1.7999999523162842
2020-07-29,44.43000030517578,2001.199951171875,2.193000078201294
2020-08-05,44.5,1932.5999755859375,2.1710000038146973
2020-08-12,45.459999084472656,1999.4000244140625,2.4170000553131104
2020-08-19,45.86000061035156,1911.800048828125,2.489000082015991
2020-08-26,45.58000183105469,1968.199951171875,2.5269999504089355
2020-09-02,39.779998779296875,1933.0,2.4000000953674316
2020-09-09,40.529998779296875,1956.300048828125,2.361999988555908
2020-09-16,41.720001220703125,1898.5999755859375,1.8339999914169312
2020-09-23,41.029998779296875,1894.300048828125,2.561000108718872
2020-09-30,42.650001525878906,1901.0999755859375,2.5199999809265137
2020-10-07,42.45000076293945,1888.5,2.8550000190734863
2020-10-14,43.15999984741211,1910.4000244140625,2.9130001068115234
2020-10-21,41.20000076293945,1908.800048828125,3.0190000534057617
2020-10-28,39.709999084472656,1908.5,3.059000015258789
2020-11-04,43.61000061035156,1875.4000244140625,2.9489998817443848
2020-11-11,43.75,1884.5,2.691999912261963
2020-11-18,47.86000061035156,1804.800048828125,2.7750000953674316
2020-11-25,47.41999816894531,1814.0999755859375,2.880000114440918
2020-12-02,48.84000015258789,1870.800048828125,2.3989999294281006
2020-12-09,50.7599983215332,1852.300048828125,2.681999921798706
2020-12-16,50.08000183105469,1866.5999755859375,2.7799999713897705
2020-12-23,51.09000015258789,1879.699951171875,2.4670000076293945
2020-12-30,53.599998474121094,1952.699951171875,2.7019999027252197
2021-01-06,56.58000183105469,1842.9000244140625,2.753000020980835
2021-01-13,55.900001525878906,1839.5,2.5460000038146973
2021-01-20,55.90999984741211,1850.699951171875,2.6559998989105225
2021-01-27,57.459999084472656,1830.5,2.8450000286102295
2021-02-03,61.09000015258789,1835.300048828125,2.8350000381469727
2021-02-10,63.349998474121094,1797.199951171875,3.128999948501587
2021-02-17,65.37000274658203,1804.4000244140625,2.878999948501587
2021-02-24,62.70000076293945,1733.0999755859375,2.8389999866485596
2021-03-03,67.5199966430664,1716.5999755859375,2.6619999408721924
2021-03-10,68.38999938964844,1730.5999755859375,2.562000036239624
2021-03-17,60.790000915527344,1724.699951171875,2.507999897003174
2021-03-24,64.13999938964844,1683.9000244140625,2.622999906539917
2021-03-31,62.7400016784668,1741.5,2.4560000896453857
2021-04-07,63.66999816894531,1746.199951171875,2.61899995803833
2021-04-14,66.56999969482422,1777.300048828125,2.7269999980926514
2021-04-21,66.41999816894531,1778.0,2.872999906539917
2021-04-28,68.87999725341797,1775.800048828125,2.9670000076293945
2021-05-05,68.55000305175781,1835.9000244140625,2.9549999237060547
2021-05-12,68.70999908447266,1867.800048828125,3.01200008392334
2021-05-19,68.6500015258789,1898.0999755859375,2.9130001068115234
2021-05-26,70.25,1902.9000244140625,3.1040000915527344
2021-06-02,72.22000122070312,1892.199951171875,3.128000020980835
2021-06-09,73.98999786376953,1854.5,3.240000009536743
2021-06-16,74.80999755859375,1776.300048828125,3.257999897003174
2021-06-23,74.76000213623047,1762.800048828125,3.630000114440918
2021-06-30,74.52999877929688,1793.5,3.63700008392334
2021-07-07,76.48999786376953,1809.4000244140625,3.696000099182129
2021-07-14,69.3499984741211,1810.9000244140625,3.875999927520752
2021-07-21,74.4800033569336,1799.5,3.9709999561309814
2021-07-28,72.41000366210938,1810.0999755859375,4.0269999504089355
2021-08-04,70.62999725341797,1728.800048828125,4.089000225067139
2021-08-11,69.02999877929688,1785.0,3.8369998931884766
2021-08-18,71.05000305175781,1805.5999755859375,3.8959999084472656
2021-08-25,72.98999786376953,1815.0,4.376999855041504
2021-09-01,71.69000244140625,1795.9000244140625,4.567999839782715
2021-09-08,73.5999984741211,1804.699951171875,5.260000228881836
2021-09-15,74.36000061035156,1776.0,4.804999828338623
2021-09-22,79.08999633789062,1735.800048828125,5.841000080108643
2021-09-29,82.55999755859375,1759.5999755859375,6.311999797821045
2021-10-06,83.41999816894531,1758.300048828125,5.505000114440918
2021-10-13,85.08000183105469,1769.699951171875,5.0879998207092285
2021-10-20,86.4000015258789,1792.699951171875,5.881999969482422
2021-10-27,84.72000122070312,1788.699951171875,5.541999816894531
2021-11-03,84.77999877929688,1830.199951171875,4.979000091552734
2021-11-10,82.43000030517578,1853.5999755859375,5.177000045776367
2021-11-17,82.30999755859375,1783.5,4.9670000076293945
2021-11-24,70.56999969482422,1773.5999755859375,4.566999912261963
2021-12-01,75.44000244140625,1782.5999755859375,3.7079999446868896
2021-12-08,73.69999694824219,1770.4000244140625,3.746999979019165
2021-12-15,73.9800033569336,1787.9000244140625,3.86899995803833
2021-12-22,78.94000244140625,1810.199951171875,4.054999828338623
2021-12-29,80.0,1814.0,3.7170000076293945
2022-01-05,83.72000122070312,1818.5999755859375,4.249000072479248
2022-01-12,87.51000213623047,1812.300048828125,4.2829999923706055
2022-01-19,88.19999694824219,1852.699951171875,4.052999973297119
2022-01-26,89.16000366210938,1800.300048828125,4.750999927520752
2022-02-02,90.77999877929688,1826.5999755859375,4.248000144958496
2022-02-09,93.27999877929688,1854.800048828125,4.306000232696533
2022-02-16,96.83999633789062,1906.0999755859375,4.498000144958496
2022-02-23,104.97000122070312,1942.4000244140625,4.572999954223633
2022-03-02,127.9800033569336,2040.0999755859375,4.5269999504089355
2022-03-09,99.91000366210938,1928.5,4.567999839782715
2022-03-16,115.4800033569336,1920.699951171875,5.186999797821045
2022-03-23,110.2300033569336,1912.0,5.335999965667725
2022-03-30,106.63999938964844,1922.9000244140625,6.0320000648498535
2022-04-06,104.63999938964844,1972.0999755859375,6.679999828338623
2022-04-13,107.25,1955.699951171875,7.176000118255615
2022-04-20,104.98999786376953,1901.4000244140625,6.849999904632568
2022-04-27,104.97000122070312,1868.800048828125,7.953999996185303
2022-05-04,102.45999908447266,1839.9000244140625,7.385000228881836
2022-05-11,111.93000030517578,1818.199951171875,8.303999900817871
2022-05-18,113.55999755859375,1865.0999755859375,8.795999526977539
2022-05-25,122.83999633789062,1842.699951171875,8.145000457763672
2022-06-01,120.56999969482422,1847.5,9.293000221252441
2022-06-08,121.16999816894531,1809.5,7.189000129699707
2022-06-15,114.6500015258789,1834.5999755859375,6.808000087738037
2022-06-22,117.9800033569336,1817.5,6.551000118255615
2022-06-29,102.7699966430664,1761.800048828125,5.5229997634887695
2022-07-06,99.48999786376953,1723.300048828125,6.163000106811523
2022-07-13,107.3499984741211,1710.0,7.263999938964844
2022-07-20,104.4000015258789,1717.699951171875,8.993000030517578
2022-07-27,100.54000091552734,1771.0999755859375,7.705999851226807
2022-08-03,96.30999755859375,1794.0,7.833000183105469
2022-08-10,92.33999633789062,1773.199951171875,9.329000473022461
2022-08-17,100.22000122070312,1746.800048828125,9.192999839782715
2022-08-24,99.30999755859375,1723.199951171875,9.041999816894531
2022-08-31,92.83000183105469,1700.4000244140625,8.145000457763672
2022-09-07,93.16999816894531,1705.0,8.284000396728516
2022-09-14,90.62000274658203,1659.699951171875,7.7170000076293945
2022-09-21,86.2699966430664,1626.699951171875,6.651000022888184
2022-09-28,91.80000305175781,1721.0999755859375,6.836999893188477
2022-10-05,94.29000091552734,1678.699951171875,6.5960001945495605
2022-10-12,90.02999877929688,1649.0,5.744999885559082
2022-10-19,93.5199966430664,1652.800048828125,5.61299991607666
2022-10-26,94.6500015258789,1645.0,5.714000225067139
2022-11-02,95.36000061035156,1712.0999755859375,6.138000011444092
2022-11-09,93.86000061035156,1773.800048828125,6.033999919891357
2022-11-16,88.36000061035156,1738.300048828125,6.7789998054504395
2022-11-23,83.02999877929688,1748.4000244140625,7.235000133514404
2022-11-30,79.3499984741211,1769.300048828125,5.468999862670898
2022-12-07,80.68000030517578,1813.9000244140625,6.934999942779541
2022-12-14,79.98999786376953,1815.9000244140625,5.326000213623047
2022-12-21,84.33000183105469,1814.800048828125,5.2820000648498535
2022-12-28,82.0999984741211,1839.699951171875,3.98799991607666
2023-01-04,80.0999984741211,1871.5999755859375,3.6389999389648438
2023-01-11,85.91999816894531,1907.199951171875,3.5859999656677246
2023-01-18,86.12999725341797,1933.9000244140625,3.257999897003174
2023-01-25,84.48999786376953,1929.5,2.684000015258789
2023-02-01,83.69000244140625,1871.699951171875,2.5840001106262207
2023-02-08,85.58000183105469,1854.0,2.566999912261963
2023-02-15,83.05000305175781,1833.0,2.072999954223633
2023-02-22,83.88999938964844,1828.9000244140625,2.746999979019165
2023-03-01,83.29000091552734,1813.9000244140625,2.687000036239624
2023-03-08,77.44999694824219,1906.199951171875,2.572999954223633
2023-03-15,75.31999969482422,1938.0,2.3480000495910645
2023-03-22,78.6500015258789,1972.4000244140625,2.0299999713897705
2023-03-29,84.94000244140625,2022.199951171875,2.1059999465942383
2023-04-05,85.61000061035156,2004.800048828125,2.186000108718872
2023-04-12,84.7699966430664,2007.4000244140625,2.365999937057495
2023-04-19,80.7699966430664,1994.0,2.306999921798706
2023-04-26,75.31999969482422,2014.300048828125,2.2139999866485596
2023-05-03,77.44000244140625,2036.199951171875,2.2669999599456787
2023-05-10,74.91000366210938,1988.4000244140625,2.375999927520752
2023-05-17,76.83999633789062,1972.4000244140625,2.321000099182129
2023-05-24,73.54000091552734,1958.0,2.3269999027252197
2023-05-31,76.29000091552734,1965.5,2.26200008392334
2023-06-07,74.29000091552734,1944.5999755859375,2.3399999141693115
2023-06-14,75.9000015258789,1935.5,2.492000102996826
2023-06-21,72.26000213623047,1914.0,2.763000011444092
2023-06-28,74.6500015258789,1921.699951171875,2.7090001106262207
2023-07-05,79.4000015258789,1931.300048828125,2.7309999465942383
2023-07-12,79.62999725341797,1977.199951171875,2.628999948501587
2023-07-19,83.63999938964844,1962.0999755859375,2.7300000190734863
2023-07-26,84.91000366210938,1940.699951171875,2.559999942779541
2023-08-02,86.16999816894531,1924.0999755859375,2.7769999504089355
2023-08-09,84.88999938964844,1902.5,2.6589999198913574
2023-08-16,84.02999877929688,1896.4000244140625,2.559999942779541
2023-08-23,85.48999786376953,1936.5,2.555999994277954
2023-08-30,90.04000091552734,1926.199951171875,2.5820000171661377
2023-09-06,92.05999755859375,1911.300048828125,2.743000030517578
2023-09-13,94.33999633789062,1932.0,2.8480000495910645
2023-09-20,93.95999908447266,1900.4000244140625,2.6559998989105225
2023-09-27,90.91999816894531,1824.5999755859375,2.9489998817443848
2023-10-04,87.6500015258789,1861.0,3.381999969482422
2023-10-11,89.9000015258789,1922.699951171875,3.0789999961853027
2023-10-18,88.06999969482422,1975.0,2.9709999561309814
2023-10-25,87.41000366210938,1985.199951171875,3.575000047683716
2023-11-01,81.61000061035156,1966.800048828125,3.140000104904175
2023-11-08,82.47000122070312,1961.800048828125,3.1059999465942383
2023-11-15,82.44999694824219,1999.300048828125,2.8459999561309814
2023-11-22,81.68000030517578,2039.699951171875,2.7060000896453857
2023-11-29,77.19999694824219,2018.5,2.7100000381469727
2023-12-06,73.23999786376953,1977.800048828125,2.311000108718872
2023-12-13,79.2300033569336,2038.4000244140625,2.492000102996826
2023-12-20,81.06999969482422,2058.199951171875,2.549999952316284
2023-12-27,75.88999938964844,2064.39990234375,2.568000078201294
2024-01-03,77.58999633789062,2026.4000244140625,3.190000057220459
2024-01-10,78.29000091552734,2026.0,2.9000000953674316
2024-01-17,79.55000305175781,2023.699951171875,2.450000047683716
2024-01-24,82.87000274658203,2031.5,2.0769999027252197
2024-01-31,78.58999633789062,2034.5,2.009000062942505
2024-02-07,82.7699966430664,1992.9000244140625,1.6890000104904175
2024-02-14,82.33999633789062,2027.5,1.5759999752044678
2024-02-21,83.6500015258789,2034.0,1.6150000095367432
2024-02-28,82.04000091552734,2133.5,1.9570000171661377
2024-03-06,81.91999816894531,2160.39990234375,1.7139999866485596
2024-03-13,87.37999725341797,2156.300048828125,1.74399995803833
2024-03-20,86.25,2175.60009765625,1.5750000476837158
2024-03-27,88.91999816894531,2261.0,1.8619999885559082
2024-04-03,89.41999816894531,2343.5,1.871999979019165
2024-04-10,90.0199966430664,2390.800048828125,1.7319999933242798
2024-04-17,88.41999816894531,2327.699951171875,1.812000036239624
2024-04-24,87.86000061035156,2291.39990234375,1.9910000562667847
2024-05-01,83.16000366210938,2315.199951171875,2.2070000171661377
2024-05-08,82.37999725341797,2353.39990234375,2.3440001010894775
2024-05-15,82.87999725341797,2421.699951171875,2.6710000038146973
2024-05-22,84.22000122070312,2355.199951171875,2.5899999141693115
2024-05-29,77.5199966430664,2325.5,2.5859999656677246
2024-06-05,81.91999816894531,2307.5,3.128999948501587
2024-06-12,85.33000183105469,2330.39990234375,2.9089999198913574
2024-06-19,85.01000213623047,2316.60009765625,2.75600004196167
2024-06-26,86.23999786376953,2323.0,2.434999942779541
2024-07-03,84.66000366210938,2360.10009765625,2.3440001010894775
2024-07-10,83.7300033569336,2462.39990234375,2.187999963760376
2024-07-17,81.01000213623047,2404.60009765625,2.187000036239624
2024-07-24,78.62999725341797,2405.0,2.125999927520752
2024-07-31,76.4800033569336,2389.10009765625,2.009999990463257
2024-08-07,80.69000244140625,2466.699951171875,2.1480000019073486
2024-08-14,77.19999694824219,2511.300048828125,2.197999954223633
2024-08-21,79.55000305175781,2516.0,1.9040000438690186
2024-08-28,73.75,2489.89990234375,2.203000068664551
2024-09-04,69.19000244140625,2512.300048828125,2.2320001125335693
2024-09-11,73.69999694824219,2564.300048828125,2.3239998817443848
2024-09-18,75.16999816894531,2651.199951171875,2.5510001182556152
2024-09-25,73.55999755859375,2667.300048828125,2.8959999084472656
2024-10-02,77.18000030517578,2615.0,2.7330000400543213
2024-10-09,74.25,2661.39990234375,2.497999906539917
2024-10-16,76.04000091552734,2744.199951171875,2.311000108718872
2024-10-23,71.12000274658203,2768.39990234375,2.3459999561309814
2024-10-30,75.52999877929688,2740.300048828125,2.6700000762939453
2024-11-06,71.88999938964844,2600.0,2.9070000648498535
2024-11-13,73.30999755859375,2627.10009765625,2.997999906539917
2024-11-20,72.80999755859375,2620.300048828125,3.430999994277954
2024-11-27,73.62000274658203,2644.699951171875,3.0420000553131104
2024-12-04,72.19000244140625,2697.60009765625,3.1630001068115234
2024-12-11,73.19000244140625,2644.39990234375,3.308000087738037
2024-12-18,73.58000183105469,2620.0,3.946000099182129
2024-12-25,74.63999938964844,2629.199951171875,3.632999897003174
2025-01-01,77.05000305175781,2656.699951171875,3.4489998817443848
2025-01-08,79.91999816894531,2677.5,3.9679999351501465
2025-01-15,79.29000091552734,2755.0,3.75600004196167
2025-01-22,77.48999786376953,2766.800048828125,3.4709999561309814
2025-01-29,76.19999694824219,2853.300048828125,3.253000020980835
2025-02-05,77.0,2912.5,3.5190000534057617
2025-02-12,75.83999633789062,2931.60009765625,4.006999969482422
2025-02-19,73.0199966430664,2904.5,4.173999786376953
2025-02-26,71.04000091552734,2909.60009765625,4.349999904632568
2025-03-05,69.55999755859375,2912.89990234375,4.453000068664551
2025-03-12,70.55999755859375,3035.10009765625,4.052000045776367
2025-03-19,73.0199966430664,3023.699951171875,3.8399999141693115
2025-03-26,74.48999786376953,3118.89990234375,3.9509999752044678
2025-04-02,62.81999969482422,2968.39990234375,3.4649999141693115
2025-04-09,64.66999816894531,3218.699951171875,3.3289999961853027
2025-04-16,67.44000244140625,3400.800048828125,3.006999969482422
2025-04-23,64.25,3318.800048828125,3.385999917984009
2025-04-30,62.150001525878906,3411.39990234375,3.4630000591278076
2025-05-07,66.62999725341797,3240.300048828125,3.6470000743865967
2025-05-14,65.37999725341797,3280.300048828125,3.427000045776367
2025-05-21,64.08999633789062,3299.10009765625,3.3980000019073486
2025-05-28,65.62999725341797,3350.199951171875,3.7219998836517334
2025-06-04,66.87000274658203,3320.89990234375,3.5329999923706055
2025-06-11,76.44999694824219,3386.60009765625,3.8510000705718994
2025-06-18,67.13999938964844,3317.39990234375,3.5369999408721924
2025-06-25,67.11000061035156,3336.699951171875,3.4149999618530273
2025-07-02,70.1500015258789,3307.0,3.3399999141693115
2025-07-09,68.70999908447266,3329.800048828125,3.5230000019073486
2025-07-16,68.58999633789062,3439.199951171875,3.252000093460083
2025-07-23,72.51000213623047,3323.39990234375,3.0810000896453857
2025-07-30,67.63999938964844,3381.89990234375,3.009999990463257
2025-08-06,66.12000274658203,3348.89990234375,2.808000087738037
2025-08-13,65.79000091552734,3313.39990234375,2.7660000324249268
2025-08-20,67.22000122070312,3388.60009765625,2.7170000076293945
2025-08-27,69.13999938964844,3549.39990234375,3.009000062942505
2025-09-03,66.38999938964844,3643.300048828125,3.117000102996826
2025-09-10,68.47000122070312,3688.89990234375,3.1029999256134033
2025-09-17,67.62999725341797,3780.60009765625,2.8529999256134033
2025-09-24,67.0199966430664,3840.800048828125,3.302999973297119
2025-10-01,65.44999694824219,3976.60009765625,3.497999906539917
2025-10-08,62.38999938964844,4138.7001953125,3.0280001163482666
2025-10-15,61.31999969482422,4087.699951171875,3.4739999771118164
2025-10-22,64.4000015258789,3966.199951171875,3.3450000286102295
2025-10-29,64.44000244140625,3947.699951171875,4.3429999351501465
2025-11-05,65.16000366210938,4106.7998046875,4.565000057220459
2025-11-12,64.88999938964844,4061.300048828125,4.370999813079834
2025-11-19,62.47999954223633,4139.2001953125,4.423999786376953
2025-11-26,62.45000076293945,4186.60009765625,4.840000152587891
2025-12-03,61.939998626708984,4206.7001953125,4.573999881744385
2025-12-10,58.91999816894531,4304.5,3.885999917984009
2025-12-17,62.380001068115234,4482.7998046875,4.4079999923706055
2025-12-24,61.91999816894531,4370.10009765625,3.9719998836517334
2025-12-31,60.70000076293945,4482.2001953125,3.3499999046325684
2026-01-07,65.47000122070312,4589.2001953125,3.4189999103546143
2026-01-14,64.91999816894531,4759.60009765625,3.9070000648498535
2026-01-21,67.56999969482422,5079.89990234375,6.953999996185303
2026-01-28,67.33000183105469,4903.7001953125,3.311000108718872
2026-02-04,68.80000305175781,5003.7998046875,3.115000009536743
2026-02-11,67.41999816894531,4882.89990234375,3.0309998989105225
2026-02-18,70.7699966430664,5155.7998046875,2.9149999618530273
2026-02-25,81.4000015258789,5107.39990234375,3.053999900817871
2026-03-04,87.80000305175781,5229.7001953125,3.0199999809265137
2026-03-11,103.41999816894531,5001.0,3.0329999923706055
2026-03-18,104.48999786376953,4399.2998046875,2.943000078201294
2026-03-25,118.3499984741211,4647.60009765625,2.884000062942505
